{
    "loss": 181.4434356689453,
    "accuracy": 0.48201438784599304
}