{
    "loss": 3.476912021636963,
    "accuracy": 0.6187050342559814
}