{
    "loss": 6.440367698669434,
    "accuracy": 0.5035971403121948
}