{
    "loss": 28.764925003051758,
    "accuracy": 0.48201438784599304
}