{
    "loss": 8.904361724853516,
    "accuracy": 0.5035971403121948
}